review_id,product_id,rating,fit_feedback,review_text
r001,p001,5,fit,Very breathable and relaxed. Great for humid weekend trips.
r002,p002,4,large,"Comfortable pants, a little long but great beach fabric."
r003,p004,5,fit,Structured and interview-ready without feeling stiff.
r004,p007,4,small,"Pretty color and flow, but the bust runs a little small."
r005,p011,5,fit,Stayed dry on a hot run and packs easily.
r006,p013,4,fit,Flattering waist and easy dinner outfit.
r007,p019,5,fit,Comfortable enough for all-day walking.
r008,p014,4,large,Polished coat but sleeves run long.
r009,p020,5,fit,Works under a blazer and looks elegant at night.
